<?xml version="1.0" encoding="UTF-8"?>
<LightningComponentBundle xmlns="http://soap.sforce.com/2006/04/metadata">
    <apiVersion>58.0</apiVersion>
    <isExposed>true</isExposed>
	<targets>
		<target>lightning__RecordPage</target>
		<target>lightning__AppPage</target>
		<target>lightning__HomePage</target>
		<target>lightning__Tab</target>
        <target>lightningCommunity__Page</target>
        <target>lightningCommunity__Default</target>
	</targets>
    <targetConfigs>
    <targetConfig targets="lightningCommunity__Default">
        <property name="recordId" type="String" 
            label="Record ID" description="Shoul be {!recordId}."/>
    </targetConfig>
    </targetConfigs>
</LightningComponentBundle>