<?xml version="1.0" encoding="UTF-8"?>
<LightningComponentBundle xmlns="http://soap.sforce.com/2006/04/metadata">
    <apiVersion>57.0</apiVersion>
    <isExposed>true</isExposed>
 <targets>
        <target>lightning__FlowScreen</target>
        <target>lightningCommunity__Page</target>
        <target>lightning__HomePage</target>
    </targets>

    <targetConfigs>
        <targetConfig targets="lightning__FlowScreen">
            <property name="recordTypeId" type="String"  /> 
        </targetConfig>
    </targetConfigs>

</LightningComponentBundle>