<?xml version="1.0" encoding="UTF-8"?>
<LightningComponentBundle xmlns="http://soap.sforce.com/2006/04/metadata">
    <apiVersion>59.0</apiVersion>
    <isExposed>true</isExposed>
    <targets>
        <target>lightning__AppPage</target>
        <target>lightning__RecordPage</target>
        <target>lightningCommunity__Page</target>
        <target>lightningCommunity__Default</target>
    </targets>
    <targetConfigs>
	 <targetConfig targets="lightningCommunity__Default">
      <property name="recordId" type="String" label="Record ID" description="Should be set to {!recordId}"/>
     </targetConfig>
	</targetConfigs>
</LightningComponentBundle>