<?xml version="1.0" encoding="UTF-8"?>
<LightningComponentBundle xmlns="http://soap.sforce.com/2006/04/metadata">
    <apiVersion>59.0</apiVersion>
    <isExposed>true</isExposed>
    <targets>
		<target>lightning__RecordPage</target>
		<target>lightning__AppPage</target>
		<target>lightning__HomePage</target>
		<target>lightning__Tab</target>
		<target>lightning__Inbox</target>
		<target>lightning__UtilityBar</target>
		<target>lightning__FlowScreen</target>
		<target>lightningSnapin__ChatMessage</target>
		<target>lightningSnapin__Minimized</target>
		<target>lightningSnapin__PreChat</target>
		<target>lightningSnapin__ChatHeader</target>
		<target>lightning__RecordAction</target>
		<target>lightningCommunity__Page</target>
		<target>lightningCommunity__Default</target>
		<target>lightningCommunity__Page_Layout</target>
		<target>lightningCommunity__Theme_Layout</target>
		<target>lightningStatic__Email</target>
		<target>analytics__Dashboard</target>
	</targets>
	<targetConfigs>
        <targetConfig targets="lightningCommunity__Default">
            <property name="recordId" type="String" 
                label="Record ID" description="Should not be changed from default value."/>
        </targetConfig>
    </targetConfigs>
</LightningComponentBundle>