<?xml version="1.0"?>
<LightningComponentBundle xmlns="http://soap.sforce.com/2006/04/metadata">
	<apiVersion>57.0</apiVersion>
	<isExposed>true</isExposed>
	<targets>
		<target>lightning__RecordPage</target>
		<target>lightning__AppPage</target>
		<target>lightningSnapin__ChatMessage</target>
		<target>lightningCommunity__Page</target>
		<target>lightningCommunity__Default</target>
		<target>lightningCommunity__Page_Layout</target>
	</targets>
	<targetConfigs>  
        <targetConfig targets="lightning__RecordPage,lightningCommunity__Default">
            <property name="recordId" type="String" description="The value should be {!recordId}." label="Enter Record Id"/>
        </targetConfig>
    </targetConfigs>
</LightningComponentBundle>